{
  "dataset_name": "guitars",
  "classes": [
    "acoustic",
    "bass",
    "statocaster",
    "les paul"
  ],
  "results": {
    "Logistic Regression": {
      "accuracy": 0.875,
      "f1_score": 0.8214285714285714,
      "precision": 0.78125,
      "recall": 0.875,
      "train_time": 0.8146703243255615,
      "predict_time": 0.00022339820861816406
    },
    "SVM (Linear)": {
      "accuracy": 0.875,
      "f1_score": 0.8214285714285714,
      "precision": 0.78125,
      "recall": 0.875,
      "train_time": 0.005153656005859375,
      "predict_time": 0.0003237724304199219
    },
    "SVM (RBF)": {
      "accuracy": 0.875,
      "f1_score": 0.8214285714285714,
      "precision": 0.78125,
      "recall": 0.875,
      "train_time": 0.007526874542236328,
      "predict_time": 0.000736236572265625
    },
    "Random Forest": {
      "accuracy": 0.875,
      "f1_score": 0.825,
      "precision": 0.7916666666666666,
      "recall": 0.875,
      "train_time": 0.08650565147399902,
      "predict_time": 0.00189208984375
    },
    "K-Nearest Neighbors": {
      "accuracy": 0.5,
      "f1_score": 0.45,
      "precision": 0.41666666666666663,
      "recall": 0.5,
      "train_time": 0.0004425048828125,
      "predict_time": 1.3324828147888184
    },
    "Decision Tree": {
      "accuracy": 0.75,
      "f1_score": 0.75,
      "precision": 0.75,
      "recall": 0.75,
      "train_time": 0.011400222778320312,
      "predict_time": 0.00019979476928710938
    },
    "Gaussian Naive Bayes": {
      "accuracy": 0.875,
      "f1_score": 0.825,
      "precision": 0.7916666666666666,
      "recall": 0.875,
      "train_time": 0.001483917236328125,
      "predict_time": 0.0006923675537109375
    },
    "Linear Discriminant Analysis": {
      "accuracy": 0.625,
      "f1_score": 0.6309523809523809,
      "precision": 0.6875,
      "recall": 0.625,
      "train_time": 0.022362470626831055,
      "predict_time": 0.00019693374633789062
    },
    "Neural Network (MLP)": {
      "accuracy": 0.875,
      "f1_score": 0.8214285714285714,
      "precision": 0.78125,
      "recall": 0.875,
      "train_time": 1.8406982421875,
      "predict_time": 0.0014500617980957031
    },
    "CNN": {
      "accuracy": 0.375,
      "f1_score": 0.25,
      "precision": 0.1875,
      "recall": 0.375,
      "train_time": 1.9782042503356934,
      "predict_time": 0.08923792839050293
    }
  }
}