{
  "dataset_info": {
    "name": "guitars",
    "classes": [
      "acoustic",
      "bass",
      "statocaster",
      "les paul"
    ],
    "image_size": [
      64,
      64,
      1
    ],
    "grayscale": true,
    "train_samples": 26,
    "test_samples": 8
  },
  "models_results": {
    "Logistic Regression": {
      "accuracy": 0.875,
      "f1_score": 0.8214285714285714,
      "precision": 0.78125,
      "recall": 0.875,
      "train_time": 0.8305354118347168,
      "predict_time": 0.00039386749267578125
    },
    "SVM (Linear Kernel)": {
      "accuracy": 0.875,
      "f1_score": 0.8214285714285714,
      "precision": 0.78125,
      "recall": 0.875,
      "train_time": 0.005970478057861328,
      "predict_time": 0.0007231235504150391
    },
    "SVM (RBF Kernel)": {
      "accuracy": 0.875,
      "f1_score": 0.8214285714285714,
      "precision": 0.78125,
      "recall": 0.875,
      "train_time": 0.007888317108154297,
      "predict_time": 0.0014865398406982422
    },
    "Random Forest": {
      "accuracy": 0.875,
      "f1_score": 0.825,
      "precision": 0.7916666666666666,
      "recall": 0.875,
      "train_time": 0.10183000564575195,
      "predict_time": 0.004010915756225586
    },
    "K-Nearest Neighbors": {
      "accuracy": 0.5,
      "f1_score": 0.45,
      "precision": 0.41666666666666663,
      "recall": 0.5,
      "train_time": 0.0005109310150146484,
      "predict_time": 1.3466732501983643
    },
    "Decision Tree": {
      "accuracy": 0.75,
      "f1_score": 0.75,
      "precision": 0.75,
      "recall": 0.75,
      "train_time": 0.011575937271118164,
      "predict_time": 0.0002002716064453125
    },
    "Gaussian Naive Bayes": {
      "accuracy": 0.875,
      "f1_score": 0.825,
      "precision": 0.7916666666666666,
      "recall": 0.875,
      "train_time": 0.0014111995697021484,
      "predict_time": 0.0011315345764160156
    },
    "Neural Network (MLP)": {
      "accuracy": 0.875,
      "f1_score": 0.8214285714285714,
      "precision": 0.78125,
      "recall": 0.875,
      "train_time": 1.8786492347717285,
      "predict_time": 0.004525184631347656
    }
  },
  "summary": {
    "best_model": "Logistic Regression",
    "best_accuracy": 0.875
  },
  "detailed_reports": {
    "Logistic Regression": {
      "acoustic": {
        "precision": 0.75,
        "recall": 1.0,
        "f1-score": 0.8571428571428571,
        "support": 3.0
      },
      "bass": {
        "precision": 1.0,
        "recall": 1.0,
        "f1-score": 1.0,
        "support": 2.0
      },
      "statocaster": {
        "precision": 0.0,
        "recall": 0.0,
        "f1-score": 0.0,
        "support": 1.0
      },
      "les paul": {
        "precision": 1.0,
        "recall": 1.0,
        "f1-score": 1.0,
        "support": 2.0
      },
      "accuracy": 0.875,
      "macro avg": {
        "precision": 0.6875,
        "recall": 0.75,
        "f1-score": 0.7142857142857143,
        "support": 8.0
      },
      "weighted avg": {
        "precision": 0.78125,
        "recall": 0.875,
        "f1-score": 0.8214285714285714,
        "support": 8.0
      }
    },
    "SVM (Linear Kernel)": {
      "acoustic": {
        "precision": 0.75,
        "recall": 1.0,
        "f1-score": 0.8571428571428571,
        "support": 3.0
      },
      "bass": {
        "precision": 1.0,
        "recall": 1.0,
        "f1-score": 1.0,
        "support": 2.0
      },
      "statocaster": {
        "precision": 0.0,
        "recall": 0.0,
        "f1-score": 0.0,
        "support": 1.0
      },
      "les paul": {
        "precision": 1.0,
        "recall": 1.0,
        "f1-score": 1.0,
        "support": 2.0
      },
      "accuracy": 0.875,
      "macro avg": {
        "precision": 0.6875,
        "recall": 0.75,
        "f1-score": 0.7142857142857143,
        "support": 8.0
      },
      "weighted avg": {
        "precision": 0.78125,
        "recall": 0.875,
        "f1-score": 0.8214285714285714,
        "support": 8.0
      }
    },
    "SVM (RBF Kernel)": {
      "acoustic": {
        "precision": 0.75,
        "recall": 1.0,
        "f1-score": 0.8571428571428571,
        "support": 3.0
      },
      "bass": {
        "precision": 1.0,
        "recall": 1.0,
        "f1-score": 1.0,
        "support": 2.0
      },
      "statocaster": {
        "precision": 0.0,
        "recall": 0.0,
        "f1-score": 0.0,
        "support": 1.0
      },
      "les paul": {
        "precision": 1.0,
        "recall": 1.0,
        "f1-score": 1.0,
        "support": 2.0
      },
      "accuracy": 0.875,
      "macro avg": {
        "precision": 0.6875,
        "recall": 0.75,
        "f1-score": 0.7142857142857143,
        "support": 8.0
      },
      "weighted avg": {
        "precision": 0.78125,
        "recall": 0.875,
        "f1-score": 0.8214285714285714,
        "support": 8.0
      }
    },
    "Random Forest": {
      "acoustic": {
        "precision": 1.0,
        "recall": 1.0,
        "f1-score": 1.0,
        "support": 3.0
      },
      "bass": {
        "precision": 1.0,
        "recall": 1.0,
        "f1-score": 1.0,
        "support": 2.0
      },
      "statocaster": {
        "precision": 0.0,
        "recall": 0.0,
        "f1-score": 0.0,
        "support": 1.0
      },
      "les paul": {
        "precision": 0.6666666666666666,
        "recall": 1.0,
        "f1-score": 0.8,
        "support": 2.0
      },
      "accuracy": 0.875,
      "macro avg": {
        "precision": 0.6666666666666666,
        "recall": 0.75,
        "f1-score": 0.7,
        "support": 8.0
      },
      "weighted avg": {
        "precision": 0.7916666666666666,
        "recall": 0.875,
        "f1-score": 0.825,
        "support": 8.0
      }
    },
    "K-Nearest Neighbors": {
      "acoustic": {
        "precision": 0.6666666666666666,
        "recall": 0.6666666666666666,
        "f1-score": 0.6666666666666666,
        "support": 3.0
      },
      "bass": {
        "precision": 0.0,
        "recall": 0.0,
        "f1-score": 0.0,
        "support": 2.0
      },
      "statocaster": {
        "precision": 0.0,
        "recall": 0.0,
        "f1-score": 0.0,
        "support": 1.0
      },
      "les paul": {
        "precision": 0.6666666666666666,
        "recall": 1.0,
        "f1-score": 0.8,
        "support": 2.0
      },
      "accuracy": 0.5,
      "macro avg": {
        "precision": 0.3333333333333333,
        "recall": 0.41666666666666663,
        "f1-score": 0.3666666666666667,
        "support": 8.0
      },
      "weighted avg": {
        "precision": 0.41666666666666663,
        "recall": 0.5,
        "f1-score": 0.45,
        "support": 8.0
      }
    },
    "Decision Tree": {
      "acoustic": {
        "precision": 1.0,
        "recall": 1.0,
        "f1-score": 1.0,
        "support": 3.0
      },
      "bass": {
        "precision": 0.5,
        "recall": 0.5,
        "f1-score": 0.5,
        "support": 2.0
      },
      "statocaster": {
        "precision": 0.0,
        "recall": 0.0,
        "f1-score": 0.0,
        "support": 1.0
      },
      "les paul": {
        "precision": 1.0,
        "recall": 1.0,
        "f1-score": 1.0,
        "support": 2.0
      },
      "accuracy": 0.75,
      "macro avg": {
        "precision": 0.625,
        "recall": 0.625,
        "f1-score": 0.625,
        "support": 8.0
      },
      "weighted avg": {
        "precision": 0.75,
        "recall": 0.75,
        "f1-score": 0.75,
        "support": 8.0
      }
    },
    "Gaussian Naive Bayes": {
      "acoustic": {
        "precision": 1.0,
        "recall": 1.0,
        "f1-score": 1.0,
        "support": 3.0
      },
      "bass": {
        "precision": 0.6666666666666666,
        "recall": 1.0,
        "f1-score": 0.8,
        "support": 2.0
      },
      "statocaster": {
        "precision": 0.0,
        "recall": 0.0,
        "f1-score": 0.0,
        "support": 1.0
      },
      "les paul": {
        "precision": 1.0,
        "recall": 1.0,